Variables,Estimate,SE,Z value,P value,
HDI,2.5667516,1.4441034,1.777,0.0755,.
GINI,0.037375,0.0117744,3.174,0.0015,**
Internet,-1.6243372,0.7761625,-2.093,0.03637,*
Outbound mobility,0.0148786,0.0048844,3.046,0.00232,**
Political stability,0.0126316,0.1700788,0.074,0.9408,
Polity score,-0.0606054,0.0267724,-2.264,0.02359,*
Press control,-0.0441607,0.0112608,-3.922,8.80E-05,***
Rho1.1,0.0097543,0.0008731,11.172,2.00E-16,***